时间,商品名称,库存变化,单笔销量
2026-03-27 14:08:03,A-日本地址,初始销量: 0,0
2026-03-27 14:08:03,A-国际地址,初始销量: 0,0
2026-03-27 14:08:03,A-中国地址,初始销量: 0,0
2026-03-27 14:08:03,A-韩国地址,初始销量: 0,0
2026-03-27 14:08:03,B-日本地址,初始销量: 0,0
2026-03-27 14:08:03,B-国际地址,初始销量: 0,0
2026-03-27 14:08:03,B-中国地址,初始销量: 0,0
2026-03-27 14:08:03,B-韩国地址,初始销量: 0,0
2026-03-27 14:08:03,C-日本地址,初始销量: 0,0
2026-03-27 14:08:03,C-国际地址,初始销量: 0,0
2026-03-27 14:08:03,C-中国地址,初始销量: 0,0
2026-03-27 14:08:03,C-韩国地址,初始销量: 0,0
2026-03-27 14:09:25,A-韩国地址,0->-1,1
2026-03-27 14:09:25,B-韩国地址,0->-1,1
2026-03-27 14:09:25,C-韩国地址,0->-1,1
2026-03-27 14:10:30,A-日本地址,0->-1,1
2026-03-27 14:10:30,A-韩国地址,-1->-3,2
2026-03-27 14:12:41,A-韩国地址,-3->-4,1
2026-03-27 14:13:46,A-韩国地址,-4->-12,8
2026-03-27 14:13:46,B-韩国地址,-1->-8,7
2026-03-27 14:13:46,C-韩国地址,-1->-8,7
2026-03-27 14:14:51,A-韩国地址,-12->-14,2
2026-03-27 14:14:51,B-韩国地址,-8->-9,1
2026-03-27 14:14:51,C-韩国地址,-8->-9,1
2026-03-27 14:15:57,A-韩国地址,-14->-17,3
2026-03-27 14:15:57,B-韩国地址,-9->-10,1
2026-03-27 14:15:57,C-韩国地址,-9->-10,1
2026-03-27 14:17:02,A-日本地址,-1->-3,2
2026-03-27 14:17:02,A-韩国地址,-17->-19,2
2026-03-27 14:17:02,B-日本地址,0->-1,1
2026-03-27 14:17:02,B-韩国地址,-10->-12,2
2026-03-27 14:17:02,C-日本地址,0->-1,1
2026-03-27 14:17:02,C-韩国地址,-10->-13,3
2026-03-27 14:18:07,A-韩国地址,-19->-21,2
2026-03-27 14:19:13,A-日本地址,-3->-4,1
2026-03-27 14:19:13,A-韩国地址,-21->-22,1
2026-03-27 14:19:13,B-日本地址,-1->-3,2
2026-03-27 14:19:13,B-韩国地址,-12->-13,1
2026-03-27 14:19:13,C-韩国地址,-13->-14,1
2026-03-27 14:20:18,A-日本地址,-4->-6,2
2026-03-27 14:20:18,A-韩国地址,-22->-27,5
2026-03-27 14:20:18,B-日本地址,-3->-5,2
2026-03-27 14:20:18,B-韩国地址,-13->-18,5
2026-03-27 14:20:18,C-日本地址,-1->-4,3
2026-03-27 14:20:18,C-韩国地址,-14->-19,5
2026-03-27 14:21:23,A-韩国地址,-27->-32,5
2026-03-27 14:21:23,B-韩国地址,-18->-23,5
2026-03-27 14:21:23,C-韩国地址,-19->-25,6
2026-03-27 14:22:29,A-日本地址,-6->-8,2
2026-03-27 14:22:29,A-韩国地址,-32->-35,3
2026-03-27 14:22:29,B-日本地址,-5->-6,1
2026-03-27 14:22:29,B-韩国地址,-23->-25,2
2026-03-27 14:22:29,C-日本地址,-4->-5,1
2026-03-27 14:22:29,C-韩国地址,-25->-27,2
2026-03-27 14:23:34,A-韩国地址,-35->-40,5
2026-03-27 14:23:34,B-韩国地址,-25->-27,2
2026-03-27 14:23:34,C-韩国地址,-27->-30,3
2026-03-27 14:24:39,A-日本地址,-8->-10,2
2026-03-27 14:24:39,A-韩国地址,-40->-45,5
2026-03-27 14:24:39,B-日本地址,-6->-8,2
2026-03-27 14:24:39,B-韩国地址,-27->-30,3
2026-03-27 14:24:39,C-日本地址,-5->-6,1
2026-03-27 14:24:39,C-韩国地址,-30->-32,2
2026-03-27 14:25:44,A-日本地址,-10->-12,2
2026-03-27 14:25:44,A-韩国地址,-45->-47,2
2026-03-27 14:25:44,B-日本地址,-8->-9,1
2026-03-27 14:25:44,B-韩国地址,-30->-31,1
2026-03-27 14:25:44,C-韩国地址,-32->-34,2
2026-03-27 14:29:00,A-韩国地址,-47->-48,1
2026-03-27 14:29:00,B-韩国地址,-31->-32,1
2026-03-27 14:29:00,C-韩国地址,-34->-35,1
2026-03-27 14:30:06,A-韩国地址,-48->-52,4
2026-03-27 14:30:06,B-韩国地址,-32->-35,3
2026-03-27 14:30:06,C-韩国地址,-35->-38,3
2026-03-27 14:31:11,A-韩国地址,-52->-53,1
2026-03-27 14:32:16,A-韩国地址,-53->-56,3
2026-03-27 14:32:16,B-韩国地址,-35->-38,3
2026-03-27 14:32:16,C-韩国地址,-38->-39,1
2026-03-27 14:33:22,A-韩国地址,-56->-58,2
2026-03-27 14:33:22,B-韩国地址,-38->-40,2
2026-03-27 14:33:22,C-韩国地址,-39->-42,3
2026-03-27 14:34:27,B-韩国地址,-40->-39,-1
2026-03-27 14:34:27,C-韩国地址,-42->-40,-2
2026-03-27 14:35:32,A-韩国地址,-58->-60,2
2026-03-27 14:35:32,B-韩国地址,-39->-40,1
2026-03-27 14:35:32,C-韩国地址,-40->-42,2
2026-03-27 14:36:38,A-日本地址,-12->-13,1
2026-03-27 14:36:38,A-韩国地址,-60->-64,4
2026-03-27 14:36:38,B-韩国地址,-40->-42,2
2026-03-27 14:36:38,C-韩国地址,-42->-44,2
2026-03-27 14:37:43,A-日本地址,-13->-14,1
2026-03-27 14:37:43,B-日本地址,-9->-10,1
2026-03-27 14:37:43,C-日本地址,-6->-8,2
2026-03-27 14:38:48,A-日本地址,-14->-16,2
2026-03-27 14:38:48,A-中国地址,0->-3,3
2026-03-27 14:38:48,A-韩国地址,-64->-65,1
2026-03-27 14:38:48,B-日本地址,-10->-12,2
2026-03-27 14:38:48,B-中国地址,0->-1,1
2026-03-27 14:38:48,B-韩国地址,-42->-43,1
2026-03-27 14:38:48,C-日本地址,-8->-9,1
2026-03-27 14:38:48,C-中国地址,0->-1,1
2026-03-27 14:38:48,C-韩国地址,-44->-45,1
2026-03-27 14:39:53,A-韩国地址,-65->-69,4
2026-03-27 14:39:53,B-韩国地址,-43->-45,2
2026-03-27 14:39:53,C-韩国地址,-45->-48,3
2026-03-27 14:40:59,A-韩国地址,-69->-70,1
2026-03-27 14:40:59,B-韩国地址,-45->-47,2
2026-03-27 14:40:59,C-韩国地址,-48->-49,1
2026-03-27 14:42:04,A-韩国地址,-70->-71,1
2026-03-27 14:42:04,B-韩国地址,-47->-49,2
2026-03-27 14:42:04,C-韩国地址,-49->-51,2
2026-03-27 14:43:09,A-日本地址,-16->-17,1
2026-03-27 14:43:09,A-韩国地址,-71->-74,3
2026-03-27 14:43:09,B-日本地址,-12->-13,1
2026-03-27 14:43:09,B-韩国地址,-49->-51,2
2026-03-27 14:43:09,C-日本地址,-9->-10,1
2026-03-27 14:43:09,C-韩国地址,-51->-52,1
2026-03-27 14:44:14,A-韩国地址,-74->-75,1
2026-03-27 14:44:14,B-韩国地址,-51->-52,1
2026-03-27 14:44:14,C-韩国地址,-52->-53,1
2026-03-27 14:45:21,A-韩国地址,-75->-77,2
2026-03-27 14:45:21,B-韩国地址,-52->-53,1
2026-03-27 14:45:21,C-韩国地址,-53->-55,2
2026-03-27 14:46:28,A-韩国地址,-77->-78,1
2026-03-27 14:46:28,B-韩国地址,-53->-52,-1
2026-03-27 14:47:34,A-韩国地址,-78->-79,1
2026-03-27 14:47:34,B-韩国地址,-52->-53,1
2026-03-27 14:47:34,C-韩国地址,-55->-56,1
2026-03-27 14:48:40,B-韩国地址,-53->-55,2
2026-03-27 14:50:53,A-韩国地址,-79->-82,3
2026-03-27 14:51:59,A-韩国地址,-82->-83,1
2026-03-27 14:53:05,A-韩国地址,-83->-84,1
2026-03-27 14:53:16,A-国际地址,0->-1,1
2026-03-27 14:54:11,A-中国地址,-3->-4,1
2026-03-27 14:54:11,A-韩国地址,-84->-87,3
2026-03-27 14:54:11,B-日本地址,-13->-14,1
2026-03-27 14:54:11,B-中国地址,-1->-4,3
2026-03-27 14:54:11,B-韩国地址,-55->-56,1
2026-03-27 14:54:11,C-日本地址,-10->-12,2
2026-03-27 14:54:11,C-中国地址,-1->-4,3
2026-03-27 14:54:11,C-韩国地址,-56->-57,1
2026-03-27 14:55:17,A-日本地址,-17->-18,1
2026-03-27 14:55:17,A-中国地址,-4->-5,1
2026-03-27 14:56:23,A-日本地址,-18->-19,1
2026-03-27 14:56:23,A-韩国地址,-87->-90,3
2026-03-27 14:56:23,B-日本地址,-14->-16,2
2026-03-27 14:56:23,B-韩国地址,-56->-58,2
2026-03-27 14:56:23,C-日本地址,-12->-13,1
2026-03-27 14:56:23,C-韩国地址,-57->-60,3
2026-03-27 14:56:46,B-国际地址,0->-1,1
2026-03-27 14:57:19,C-国际地址,0->-1,1
2026-03-27 14:57:30,A-国际地址,-1->-3,2
2026-03-27 14:57:30,A-韩国地址,-90->-91,1
2026-03-27 14:57:30,C-韩国地址,-60->-61,1
2026-03-27 14:58:36,A-日本地址,-19->-21,2
2026-03-27 14:58:36,A-中国地址,-5->-6,1
2026-03-27 14:58:36,A-韩国地址,-91->-92,1
2026-03-27 14:58:36,B-日本地址,-16->-17,1
2026-03-27 14:58:36,B-中国地址,-4->-5,1
2026-03-27 14:58:36,B-韩国地址,-58->-60,2
2026-03-27 14:58:36,C-日本地址,-13->-14,1
2026-03-27 14:58:36,C-中国地址,-4->-5,1
2026-03-27 14:58:36,C-韩国地址,-61->-62,1
2026-03-27 14:59:42,A-日本地址,-21->-22,1
2026-03-27 14:59:42,A-韩国地址,-92->-96,4
2026-03-27 14:59:42,B-日本地址,-17->-18,1
2026-03-27 14:59:42,B-韩国地址,-60->-64,4
2026-03-27 14:59:42,C-日本地址,-14->-16,2
2026-03-27 14:59:42,C-韩国地址,-62->-66,4
2026-03-27 15:00:49,A-韩国地址,-96->-97,1
2026-03-27 15:00:49,B-韩国地址,-64->-65,1
2026-03-27 15:00:49,C-韩国地址,-66->-68,2
2026-03-27 15:01:55,A-韩国地址,-97->-101,4
2026-03-27 15:03:01,A-中国地址,-6->-8,2
2026-03-27 15:03:01,A-韩国地址,-101->-103,2
2026-03-27 15:03:01,B-中国地址,-5->-6,1
2026-03-27 15:03:01,C-中国地址,-5->-6,1
2026-03-27 15:03:01,C-韩国地址,-68->-69,1
2026-03-27 15:05:14,A-韩国地址,-103->-104,1
2026-03-27 15:05:14,C-韩国地址,-69->-70,1
2026-03-27 15:06:20,C-韩国地址,-70->-69,-1
2026-03-27 15:07:26,A-韩国地址,-104->-109,5
2026-03-27 15:07:26,B-韩国地址,-65->-68,3
2026-03-27 15:07:26,C-韩国地址,-69->-73,4
2026-03-27 15:08:33,A-日本地址,-22->-23,1
2026-03-27 15:08:33,B-日本地址,-18->-19,1
2026-03-27 15:08:33,C-日本地址,-16->-17,1
2026-03-27 15:09:28,B-国际地址,-1->-3,2
2026-03-27 15:10:01,A-国际地址,-3->-4,1
2026-03-27 15:10:01,C-国际地址,-1->-3,2
2026-03-27 15:10:34,B-中国地址,-6->-8,2
2026-03-27 15:10:34,C-中国地址,-6->-8,2
2026-03-27 15:10:45,A-中国地址,-8->-9,1
2026-03-27 15:10:45,A-韩国地址,-109->-110,1
2026-03-27 15:10:45,C-韩国地址,-73->-75,2
2026-03-27 15:12:58,A-韩国地址,-110->-113,3
2026-03-27 15:12:58,B-韩国地址,-68->-69,1
2026-03-27 15:12:58,C-韩国地址,-75->-77,2
2026-03-27 15:14:04,A-日本地址,-23->-25,2
2026-03-27 15:14:04,A-韩国地址,-113->-114,1
2026-03-27 15:14:04,B-韩国地址,-69->-70,1
2026-03-27 15:14:04,C-韩国地址,-77->-78,1
2026-03-27 15:15:10,A-韩国地址,-114->-116,2
2026-03-27 15:15:10,B-韩国地址,-70->-71,1
2026-03-27 15:15:10,C-韩国地址,-78->-79,1
2026-03-27 15:16:17,A-韩国地址,-116->-118,2
2026-03-27 15:16:17,B-韩国地址,-71->-74,3
2026-03-27 15:16:17,C-韩国地址,-79->-82,3
2026-03-27 15:17:01,B-国际地址,-3->-4,1
2026-03-27 15:17:23,A-日本地址,-25->-27,2
2026-03-27 15:17:23,B-日本地址,-19->-22,3
2026-03-27 15:17:23,C-日本地址,-17->-19,2
2026-03-27 15:17:23,C-国际地址,-3->-4,1
2026-03-27 15:17:45,A-国际地址,-4->-5,1
2026-03-27 15:18:40,A-国际地址,-5->-6,1
2026-03-27 15:19:35,A-日本地址,-27->-29,2
2026-03-27 15:19:35,A-韩国地址,-118->-117,-1
2026-03-27 15:19:35,B-日本地址,-22->-23,1
2026-03-27 15:19:35,C-日本地址,-19->-21,2
2026-03-27 15:19:35,C-韩国地址,-82->-83,1
2026-03-27 15:20:31,B-中国地址,-8->-9,1
2026-03-27 15:20:31,C-中国地址,-8->-9,1
2026-03-27 15:20:42,A-日本地址,-29->-30,1
2026-03-27 15:20:42,A-中国地址,-9->-10,1
2026-03-27 15:20:42,A-韩国地址,-117->-118,1
2026-03-27 15:20:42,B-韩国地址,-74->-75,1
2026-03-27 15:21:48,A-日本地址,-30->-31,1
2026-03-27 15:21:48,B-日本地址,-23->-25,2
2026-03-27 15:21:48,C-日本地址,-21->-22,1
2026-03-27 15:22:55,A-韩国地址,-118->-120,2
2026-03-27 15:22:55,C-韩国地址,-83->-84,1
2026-03-27 15:24:56,B-中国地址,-9->-10,1
2026-03-27 15:24:56,C-中国地址,-9->-10,1
2026-03-27 15:25:07,A-日本地址,-31->-32,1
2026-03-27 15:25:07,A-中国地址,-10->-12,2
2026-03-27 15:25:07,A-韩国地址,-120->-122,2
2026-03-27 15:25:07,B-日本地址,-25->-26,1
2026-03-27 15:25:07,B-韩国地址,-75->-77,2
2026-03-27 15:25:07,C-日本地址,-22->-23,1
2026-03-27 15:25:07,C-韩国地址,-84->-86,2
2026-03-27 15:26:13,A-韩国地址,-122->-123,1
2026-03-27 15:27:20,A-韩国地址,-123->-125,2
2026-03-27 15:27:20,B-韩国地址,-77->-78,1
2026-03-27 15:27:20,C-韩国地址,-86->-87,1
2026-03-27 15:29:21,B-中国地址,-10->-8,-2
2026-03-27 15:29:21,C-中国地址,-10->-8,-2
2026-03-27 15:29:32,A-日本地址,-32->-34,2
2026-03-27 15:29:32,A-中国地址,-12->-9,-3
2026-03-27 15:29:32,B-日本地址,-26->-27,1
2026-03-27 15:29:32,C-日本地址,-23->-25,2
2026-03-27 15:30:28,B-中国地址,-8->-9,1
2026-03-27 15:30:28,C-中国地址,-8->-9,1
2026-03-27 15:30:39,A-中国地址,-9->-10,1
2026-03-27 15:30:39,A-韩国地址,-125->-126,1
2026-03-27 15:31:45,A-韩国地址,-126->-127,1
2026-03-27 15:31:45,B-韩国地址,-78->-79,1
2026-03-27 15:31:45,C-韩国地址,-87->-88,1
2026-03-27 15:32:07,A-国际地址,-6->-8,2
2026-03-27 15:32:40,B-中国地址,-9->-10,1
2026-03-27 15:32:40,C-中国地址,-9->-10,1
2026-03-27 15:32:51,A-中国地址,-10->-12,2
2026-03-27 15:32:51,A-韩国地址,-127->-129,2
2026-03-27 15:32:51,B-韩国地址,-79->-81,2
2026-03-27 15:32:51,C-韩国地址,-88->-90,2
2026-03-27 15:33:57,A-韩国地址,-129->-131,2
2026-03-27 15:33:57,B-韩国地址,-81->-83,2
2026-03-27 15:33:57,C-韩国地址,-90->-92,2
2026-03-27 15:35:04,A-韩国地址,-131->-130,-1
2026-03-27 15:35:04,B-韩国地址,-83->-82,-1
2026-03-27 15:35:04,C-韩国地址,-92->-91,-1
2026-03-27 15:38:12,B-中国地址,-10->-12,2
2026-03-27 15:38:12,C-中国地址,-10->-12,2
2026-03-27 15:38:23,A-中国地址,-12->-13,1
2026-03-27 15:38:34,B-国际地址,-4->-5,1
2026-03-27 15:38:45,A-国际地址,-8->-9,1
2026-03-27 15:39:07,C-国际地址,-4->-5,1
2026-03-27 15:40:36,A-韩国地址,-130->-131,1
2026-03-27 15:40:36,B-韩国地址,-82->-83,1
2026-03-27 15:40:36,C-韩国地址,-91->-92,1
2026-03-27 15:42:48,A-日本地址,-34->-36,2
2026-03-27 15:42:48,B-日本地址,-27->-29,2
2026-03-27 15:42:48,C-日本地址,-25->-27,2
2026-03-27 15:43:54,A-日本地址,-36->-38,2
2026-03-27 15:43:54,A-韩国地址,-131->-130,-1
2026-03-27 15:43:54,B-日本地址,-29->-30,1
2026-03-27 15:43:54,B-韩国地址,-83->-82,-1
2026-03-27 15:43:54,C-日本地址,-27->-29,2
2026-03-27 15:43:54,C-韩国地址,-92->-91,-1
2026-03-27 15:45:01,A-韩国地址,-130->-131,1
2026-03-27 15:45:01,B-韩国地址,-82->-83,1
2026-03-27 15:45:01,C-韩国地址,-91->-92,1
2026-03-27 15:47:13,A-韩国地址,-131->-133,2
2026-03-27 15:47:13,B-韩国地址,-83->-84,1
2026-03-27 15:47:13,C-韩国地址,-92->-94,2
2026-03-27 15:49:25,A-韩国地址,-133->-129,-4
2026-03-27 15:49:25,B-韩国地址,-84->-82,-2
2026-03-27 15:49:25,C-韩国地址,-94->-91,-3
2026-03-27 15:52:44,A-韩国地址,-129->-130,1
2026-03-27 15:52:44,B-韩国地址,-82->-83,1
2026-03-27 15:52:44,C-韩国地址,-91->-92,1
2026-03-27 15:53:51,A-日本地址,-38->-40,2
2026-03-27 15:53:51,A-韩国地址,-130->-131,1
2026-03-27 15:53:51,B-日本地址,-30->-32,2
2026-03-27 15:53:51,B-韩国地址,-83->-84,1
2026-03-27 15:53:51,C-日本地址,-29->-31,2
2026-03-27 15:53:51,C-韩国地址,-92->-94,2
2026-03-27 15:55:52,B-中国地址,-12->-13,1
2026-03-27 15:55:52,C-中国地址,-12->-13,1
2026-03-27 15:56:03,A-日本地址,-40->-42,2
2026-03-27 15:56:03,A-中国地址,-13->-14,1
2026-03-27 15:57:09,A-日本地址,-42->-43,1
2026-03-27 15:57:09,B-日本地址,-32->-34,2
2026-03-27 15:57:09,C-日本地址,-31->-32,1
2026-03-27 15:58:15,A-韩国地址,-131->-133,2
2026-03-27 15:58:15,B-韩国地址,-84->-86,2
2026-03-27 15:58:15,C-韩国地址,-94->-95,1
2026-03-27 15:59:22,C-韩国地址,-95->-96,1
2026-03-27 16:00:28,A-日本地址,-43->-42,-1
2026-03-27 16:00:28,A-韩国地址,-133->-134,1
2026-03-27 16:00:28,C-日本地址,-32->-31,-1
2026-03-27 16:01:34,A-日本地址,-42->-40,-2
2026-03-27 16:01:34,A-中国地址,-14->-16,2
2026-03-27 16:01:34,A-韩国地址,-134->-135,1
2026-03-27 16:01:34,B-日本地址,-34->-32,-2
2026-03-27 16:01:34,B-韩国地址,-86->-87,1
2026-03-27 16:01:34,C-日本地址,-31->-30,-1
2026-03-27 16:01:34,C-韩国地址,-96->-97,1
2026-03-27 16:02:40,A-日本地址,-40->-42,2
2026-03-27 16:02:40,B-日本地址,-32->-34,2
2026-03-27 16:02:40,C-日本地址,-30->-31,1
2026-03-27 16:02:40,C-韩国地址,-97->-99,2
2026-03-27 16:03:47,A-韩国地址,-135->-138,3
2026-03-27 16:03:47,B-韩国地址,-87->-88,1
2026-03-27 16:04:53,A-韩国地址,-138->-136,-2
2026-03-27 16:04:53,B-韩国地址,-88->-87,-1
2026-03-27 16:04:53,C-韩国地址,-99->-97,-2
2026-03-27 16:05:48,B-中国地址,-13->-12,-1
2026-03-27 16:05:48,C-中国地址,-13->-12,-1
2026-03-27 16:05:59,A-中国地址,-16->-14,-2
2026-03-27 16:07:05,A-日本地址,-42->-43,1
2026-03-27 16:07:05,A-韩国地址,-136->-138,2
2026-03-27 16:07:05,B-日本地址,-34->-35,1
2026-03-27 16:07:05,B-韩国地址,-87->-88,1
2026-03-27 16:07:05,C-日本地址,-31->-32,1
2026-03-27 16:07:05,C-韩国地址,-97->-99,2
2026-03-27 16:08:11,A-韩国地址,-138->-140,2
2026-03-27 16:08:11,B-韩国地址,-88->-90,2
2026-03-27 16:08:11,C-韩国地址,-99->-100,1
2026-03-27 16:10:24,A-韩国地址,-140->-139,-1
2026-03-27 16:11:30,A-韩国地址,-139->-140,1
2026-03-27 16:11:30,B-韩国地址,-90->-91,1
2026-03-27 16:11:30,C-韩国地址,-100->-101,1
2026-03-27 16:13:43,A-韩国地址,-140->-142,2
2026-03-27 16:13:43,B-韩国地址,-91->-92,1
2026-03-27 16:13:43,C-韩国地址,-101->-103,2
2026-03-27 16:15:55,A-日本地址,-43->-44,1
2026-03-27 16:16:51,C-中国地址,-12->-13,1
2026-03-27 16:17:02,A-韩国地址,-142->-143,1
2026-03-27 16:18:08,A-日本地址,-44->-43,-1
2026-03-27 16:18:08,A-韩国地址,-143->-146,3
2026-03-27 16:18:08,B-韩国地址,-92->-95,3
2026-03-27 16:18:08,C-韩国地址,-103->-105,2
2026-03-27 16:19:14,A-日本地址,-43->-44,1
2026-03-27 16:21:26,A-日本地址,-44->-45,1
2026-03-27 16:21:26,A-韩国地址,-146->-147,1
2026-03-27 16:21:26,B-日本地址,-35->-36,1
2026-03-27 16:21:26,B-韩国地址,-95->-96,1
2026-03-27 16:21:26,C-日本地址,-32->-34,2
2026-03-27 16:21:26,C-韩国地址,-105->-107,2
2026-03-27 16:22:32,A-韩国地址,-147->-146,-1
2026-03-27 16:24:45,A-韩国地址,-146->-147,1
2026-03-27 16:25:51,A-日本地址,-45->-47,2
2026-03-27 16:26:57,A-韩国地址,-147->-148,1
2026-03-27 16:28:03,A-韩国地址,-148->-149,1
2026-03-27 16:32:28,A-韩国地址,-149->-151,2
2026-03-27 16:32:28,B-韩国地址,-96->-97,1
2026-03-27 16:32:28,C-韩国地址,-107->-108,1
2026-03-27 16:33:34,A-日本地址,-47->-48,1
2026-03-27 16:33:34,A-韩国地址,-151->-152,1
2026-03-27 16:33:34,B-日本地址,-36->-39,3
2026-03-27 16:33:34,B-韩国地址,-97->-99,2
2026-03-27 16:33:34,C-日本地址,-34->-36,2
2026-03-27 16:33:34,C-韩国地址,-108->-109,1
2026-03-27 16:38:00,A-日本地址,-48->-49,1
2026-03-27 16:38:00,A-韩国地址,-152->-153,1
2026-03-27 16:38:00,B-韩国地址,-99->-100,1
2026-03-27 16:38:00,C-韩国地址,-109->-110,1
2026-03-27 16:38:44,C-日本地址,-36->-38,2
2026-03-27 16:39:06,A-日本地址,-49->-51,2
2026-03-27 16:39:06,A-韩国地址,-153->-156,3
2026-03-27 16:39:06,B-韩国地址,-100->-101,1
2026-03-27 16:39:06,C-韩国地址,-110->-112,2
2026-03-27 16:40:02,B-国际地址,-5->-6,1
2026-03-27 16:40:13,A-国际地址,-9->-10,1
2026-03-27 16:40:13,A-韩国地址,-156->-157,1
2026-03-27 16:40:13,B-韩国地址,-101->-103,2
2026-03-27 16:40:13,C-韩国地址,-112->-113,1
2026-03-27 16:40:24,C-国际地址,-5->-6,1
2026-03-27 16:42:25,A-韩国地址,-157->-160,3
2026-03-27 16:42:25,B-韩国地址,-103->-104,1
2026-03-27 16:42:25,C-韩国地址,-113->-114,1
2026-03-27 16:44:38,A-韩国地址,-160->-159,-1
2026-03-27 16:44:38,B-韩国地址,-104->-103,-1
2026-03-27 16:44:38,C-韩国地址,-114->-113,-1
2026-03-27 16:45:44,A-国际地址,-10->-12,2
2026-03-27 16:46:50,A-中国地址,-14->-16,2
2026-03-27 16:46:50,B-韩国地址,-103->-101,-2
2026-03-27 16:46:50,C-韩国地址,-113->-112,-1
2026-03-27 16:47:01,C-中国地址,-13->-14,1
2026-03-27 16:47:56,A-中国地址,-16->-14,-2
2026-03-27 16:47:56,A-韩国地址,-159->-160,1
2026-03-27 16:47:56,B-韩国地址,-101->-103,2
2026-03-27 16:47:56,C-韩国地址,-112->-113,1
2026-03-27 16:48:07,C-中国地址,-14->-13,-1
2026-03-27 16:49:02,A-韩国地址,-160->-159,-1
2026-03-27 16:50:09,A-韩国地址,-159->-157,-2
2026-03-27 16:50:09,B-韩国地址,-103->-101,-2
2026-03-27 16:50:09,C-韩国地址,-113->-110,-3
2026-03-27 16:51:15,A-韩国地址,-157->-159,2
2026-03-27 16:51:59,B-国际地址,-6->-9,3
2026-03-27 16:52:10,C-国际地址,-6->-9,3
2026-03-27 16:52:21,A-国际地址,-12->-14,2
2026-03-27 16:52:21,A-韩国地址,-159->-160,1
2026-03-27 16:52:21,B-韩国地址,-101->-103,2
2026-03-27 16:52:21,C-韩国地址,-110->-112,2
2026-03-27 16:53:05,B-国际地址,-9->-10,1
2026-03-27 16:53:16,B-日本地址,-39->-40,1
2026-03-27 16:53:16,C-日本地址,-38->-39,1
2026-03-27 16:53:27,A-日本地址,-51->-52,1
2026-03-27 16:53:39,C-中国地址,-13->-14,1
2026-03-27 16:56:46,A-韩国地址,-160->-161,1
2026-03-27 16:56:46,B-韩国地址,-103->-105,2
2026-03-27 16:56:46,C-韩国地址,-112->-113,1
2026-03-27 17:00:04,A-韩国地址,-161->-162,1
2026-03-27 17:01:11,A-韩国地址,-162->-164,2
2026-03-27 17:01:11,B-韩国地址,-105->-107,2
2026-03-27 17:02:07,C-韩国地址,-113->-114,1
2026-03-27 17:02:18,A-韩国地址,-164->-165,1
2026-03-27 17:03:24,A-韩国地址,-165->-166,1
2026-03-27 17:03:46,C-日本地址,-39->-40,1
2026-03-27 17:03:57,B-国际地址,-10->-12,2
2026-03-27 17:04:08,B-日本地址,-40->-42,2
2026-03-27 17:04:08,C-韩国地址,-114->-113,-1
2026-03-27 17:04:19,A-国际地址,-14->-16,2
2026-03-27 17:04:19,C-国际地址,-9->-10,1
2026-03-27 17:04:30,A-日本地址,-52->-53,1
2026-03-27 17:04:30,A-韩国地址,-166->-164,-2
2026-03-27 17:04:30,B-韩国地址,-107->-105,-2
2026-03-27 17:05:03,B-国际地址,-12->-13,1
2026-03-27 17:05:25,A-国际地址,-16->-17,1
2026-03-27 17:05:25,C-国际地址,-10->-12,2
2026-03-27 17:05:36,A-中国地址,-14->-16,2
2026-03-27 17:05:36,C-中国地址,-14->-16,2
2026-03-27 17:05:58,B-中国地址,-12->-13,1
2026-03-27 17:06:31,A-国际地址,-17->-16,-1
2026-03-27 17:06:31,C-国际地址,-12->-10,-2
2026-03-27 17:06:42,A-日本地址,-53->-56,3
2026-03-27 17:07:04,B-国际地址,-13->-12,-1
2026-03-27 17:07:04,C-日本地址,-40->-43,3
2026-03-27 17:07:26,B-日本地址,-42->-43,1
2026-03-27 17:08:44,C-国际地址,-10->-12,2
2026-03-27 17:10:02,A-日本地址,-56->-57,1
2026-03-27 17:12:16,A-日本地址,-57->-58,1
2026-03-27 17:15:03,C-韩国地址,-113->-114,1
2026-03-27 17:18:56,A-日本地址,-58->-60,2
2026-03-27 17:20:03,A-日本地址,-60->-61,1
2026-03-27 17:20:14,B-日本地址,-43->-44,1
2026-03-27 17:20:47,C-日本地址,-43->-44,1
2026-03-27 17:21:10,A-韩国地址,-164->-165,1
2026-03-27 17:21:21,B-韩国地址,-105->-107,2
2026-03-27 17:21:43,C-韩国地址,-114->-116,2
2026-03-27 17:22:16,A-日本地址,-61->-60,-1
2026-03-27 17:22:16,A-韩国地址,-165->-166,1
2026-03-27 17:22:28,B-韩国地址,-107->-108,1
2026-03-27 17:22:50,C-韩国地址,-116->-117,1
2026-03-27 17:23:01,C-日本地址,-44->-43,-1
2026-03-27 17:23:23,A-韩国地址,-166->-168,2
2026-03-27 17:23:57,C-韩国地址,-117->-118,1
2026-03-27 17:25:03,C-韩国地址,-118->-121,3
2026-03-27 17:25:14,C-日本地址,-43->-44,1
2026-03-27 17:25:37,A-日本地址,-60->-61,1
2026-03-27 17:25:37,A-韩国地址,-168->-170,2
2026-03-27 17:25:48,B-韩国地址,-108->-112,4
2026-03-27 17:26:10,C-韩国地址,-121->-122,1
2026-03-27 17:26:43,A-韩国地址,-170->-172,2
2026-03-27 17:28:01,B-日本地址,-44->-45,1
2026-03-27 17:30:03,A-韩国地址,-172->-173,1
2026-03-27 17:31:04,A-韩国地址,-173->-177,4
2026-03-27 17:31:15,B-韩国地址,-112->-114,2
2026-03-27 17:31:37,C-韩国地址,-122->-125,3
2026-03-27 17:32:22,B-韩国地址,-114->-116,2
2026-03-27 17:32:44,C-韩国地址,-125->-126,1
2026-03-27 17:33:18,A-韩国地址,-177->-181,4
2026-03-27 17:33:29,B-韩国地址,-116->-118,2
2026-03-27 17:33:51,C-韩国地址,-126->-129,3
2026-03-27 17:34:13,B-中国地址,-13->-12,-1
2026-03-27 17:34:24,A-中国地址,-16->-14,-2
2026-03-27 17:34:36,B-韩国地址,-118->-116,-2
2026-03-27 17:34:58,C-中国地址,-16->-14,-2
2026-03-27 17:34:58,C-韩国地址,-129->-126,-3
2026-03-27 17:36:38,A-韩国地址,-181->-182,1
2026-03-27 17:36:49,B-韩国地址,-116->-117,1
2026-03-27 17:37:12,C-韩国地址,-126->-127,1
2026-03-27 17:37:45,A-日本地址,-61->-62,1
2026-03-27 17:37:56,B-日本地址,-45->-47,2
2026-03-27 17:38:30,C-日本地址,-44->-45,1
2026-03-27 17:41:50,C-日本地址,-45->-47,2
2026-03-27 17:42:12,A-日本地址,-62->-64,2
2026-03-27 17:42:23,B-日本地址,-47->-48,1
2026-03-27 17:44:48,C-国际地址,-12->-10,-2
2026-03-27 17:45:32,A-日本地址,-64->-65,1
2026-03-27 17:45:44,B-日本地址,-48->-49,1
2026-03-27 17:46:06,C-中国地址,-14->-16,2
2026-03-27 17:46:17,C-日本地址,-47->-48,1
2026-03-27 17:48:21,C-韩国地址,-127->-130,3
2026-03-27 17:48:54,A-韩国地址,-182->-185,3
2026-03-27 17:49:06,B-韩国地址,-117->-120,3
2026-03-27 17:50:02,A-中国地址,-14->-13,-1
2026-03-27 17:50:35,C-中国地址,-16->-14,-2
2026-03-27 17:51:43,C-中国地址,-14->-16,2
2026-03-27 17:51:43,C-韩国地址,-130->-127,-3
2026-03-27 17:52:16,A-韩国地址,-185->-182,-3
2026-03-27 17:52:28,B-韩国地址,-120->-117,-3
2026-03-27 17:53:25,A-日本地址,-65->-66,1
2026-03-27 17:54:32,A-日本地址,-66->-68,2
2026-03-27 17:57:55,A-韩国地址,-182->-183,1
2026-03-27 17:59:13,C-国际地址,-10->-13,3
2026-03-27 17:59:25,A-国际地址,-16->-18,2
2026-03-27 17:59:25,B-国际地址,-12->-14,2
2026-03-27 18:04:07,C-韩国地址,-127->-126,-1
2026-03-27 18:04:41,A-日本地址,-68->-69,1
2026-03-27 18:04:41,A-韩国地址,-183->-182,-1
2026-03-27 18:04:52,B-韩国地址,-117->-116,-1
2026-03-27 18:05:15,C-韩国地址,-126->-127,1
2026-03-27 18:06:22,C-韩国地址,-127->-129,2
2026-03-27 18:06:56,A-日本地址,-69->-68,-1
2026-03-27 18:07:08,B-日本地址,-49->-48,-1
2026-03-27 18:07:41,C-日本地址,-48->-47,-1
2026-03-27 18:08:04,A-韩国地址,-182->-183,1
2026-03-27 18:08:15,B-韩国地址,-116->-117,1
2026-03-27 18:08:38,C-中国地址,-16->-14,-2
2026-03-27 18:08:38,C-韩国地址,-129->-130,1
2026-03-27 18:09:12,A-韩国地址,-183->-185,2
2026-03-27 18:09:23,B-韩国地址,-117->-118,1
2026-03-27 18:10:20,A-韩国地址,-185->-191,6
2026-03-27 18:10:31,B-韩国地址,-118->-123,5
2026-03-27 18:10:54,C-韩国地址,-130->-135,5
2026-03-27 18:11:21,A-韩国地址,-191->-186,-5
2026-03-27 18:11:33,B-韩国地址,-123->-120,-3
2026-03-27 18:11:55,C-韩国地址,-135->-131,-4
2026-03-27 18:13:03,C-韩国地址,-131->-133,2
2026-03-27 18:13:36,A-韩国地址,-186->-187,1
2026-03-27 18:19:15,A-韩国地址,-187->-186,-1
2026-03-27 18:21:41,B-日本地址,-48->-49,1
2026-03-27 18:25:27,C-韩国地址,-133->-134,1
2026-03-27 18:27:19,A-国际地址,-18->-17,-1
2026-03-27 18:27:53,B-国际地址,-14->-13,-1
2026-03-27 18:27:53,C-国际地址,-13->-12,-1
2026-03-27 18:36:09,A-韩国地址,-186->-187,1
2026-03-27 18:36:20,B-韩国地址,-120->-121,1
2026-03-27 18:36:43,C-韩国地址,-134->-135,1
2026-03-27 18:38:24,A-日本地址,-68->-70,2
2026-03-27 18:39:43,B-韩国地址,-121->-122,1
2026-03-27 18:40:05,C-韩国地址,-135->-136,1
2026-03-27 18:40:40,A-韩国地址,-187->-188,1
2026-03-27 18:40:51,B-韩国地址,-122->-123,1
2026-03-27 18:41:14,C-韩国地址,-136->-138,2
2026-03-27 18:41:59,B-韩国地址,-123->-125,2
2026-03-27 18:42:22,C-韩国地址,-138->-139,1
2026-03-27 18:42:55,A-韩国地址,-188->-190,2
2026-03-27 18:43:07,B-韩国地址,-125->-126,1
2026-03-27 18:44:15,B-韩国地址,-126->-127,1
2026-03-27 18:44:37,C-韩国地址,-139->-140,1
2026-03-27 18:45:11,A-韩国地址,-190->-191,1
2026-03-27 18:48:01,C-韩国地址,-140->-142,2
2026-03-27 18:49:31,B-中国地址,-12->-10,-2
2026-03-27 18:49:42,A-中国地址,-13->-12,-1
2026-03-27 18:50:16,C-中国地址,-14->-13,-1
2026-03-27 18:57:37,A-韩国地址,-191->-192,1
2026-03-27 18:57:48,B-韩国地址,-127->-129,2
2026-03-27 18:58:11,C-韩国地址,-142->-143,1
2026-03-27 18:59:19,C-韩国地址,-143->-144,1
2026-03-27 18:59:53,A-韩国地址,-192->-194,2
2026-03-27 19:00:04,B-韩国地址,-129->-130,1
2026-03-27 19:01:01,A-韩国地址,-194->-195,1
2026-03-27 19:02:42,C-韩国地址,-144->-146,2
2026-03-27 19:03:16,A-韩国地址,-195->-198,3
2026-03-27 19:06:40,A-日本地址,-70->-71,1
2026-03-27 19:07:47,A-韩国地址,-198->-199,1
2026-03-27 19:12:14,A-韩国地址,-199->-201,2
2026-03-27 19:12:26,B-韩国地址,-130->-133,3
2026-03-27 19:12:59,C-韩国地址,-146->-148,2
2026-03-27 19:14:30,A-韩国地址,-201->-200,-1
2026-03-27 19:14:41,B-韩国地址,-133->-131,-2
2026-03-27 19:15:15,C-韩国地址,-148->-147,-1
2026-03-27 19:16:46,A-韩国地址,-200->-199,-1
2026-03-27 19:17:31,C-韩国地址,-147->-146,-1
2026-03-27 19:19:47,C-中国地址,-13->-12,-1
2026-03-27 19:20:32,B-国际地址,-13->-14,1
2026-03-27 19:20:43,A-国际地址,-17->-18,1
2026-03-27 19:21:17,C-国际地址,-12->-13,1
2026-03-27 19:22:03,C-韩国地址,-146->-147,1
2026-03-27 19:23:34,A-日本地址,-71->-73,2
2026-03-27 19:26:59,A-韩国地址,-199->-200,1
2026-03-27 19:34:44,C-日本地址,-47->-48,1
2026-03-27 19:34:55,A-日本地址,-73->-74,1
2026-03-27 19:35:06,B-日本地址,-49->-52,3
2026-03-27 19:35:40,C-日本地址,-48->-49,1
2026-03-27 19:36:03,A-日本地址,-74->-75,1
2026-03-27 19:37:46,C-韩国地址,-147->-148,1
2026-03-27 19:38:20,A-韩国地址,-200->-201,1
2026-03-27 19:38:32,B-韩国地址,-131->-133,2
2026-03-27 19:39:05,C-日本地址,-49->-51,2
2026-03-27 19:39:28,A-日本地址,-75->-77,2
2026-03-27 19:44:01,A-韩国地址,-201->-203,2
2026-03-27 19:44:01,B-韩国地址,-133->-134,1
2026-03-27 19:44:24,C-韩国地址,-148->-149,1
2026-03-27 19:45:09,A-日本地址,-77->-78,1
2026-03-27 19:47:25,A-日本地址,-78->-81,3
2026-03-27 19:54:24,C-中国地址,-12->-13,1
2026-03-27 19:55:21,A-中国地址,-12->-13,1
2026-03-27 19:55:21,A-韩国地址,-203->-204,1
2026-03-27 19:58:35,B-日本地址,-52->-53,1
2026-03-27 19:58:47,A-日本地址,-81->-82,1
2026-03-27 19:59:21,C-日本地址,-51->-52,1
2026-03-27 20:00:07,C-韩国地址,-149->-151,2
2026-03-27 20:00:52,B-韩国地址,-134->-135,1
2026-03-27 20:01:04,A-韩国地址,-204->-205,1
2026-03-27 20:02:24,C-韩国地址,-151->-152,1
2026-03-27 20:06:46,A-国际地址,-18->-19,1
2026-03-27 20:06:46,B-国际地址,-14->-16,2
2026-03-27 20:07:42,C-国际地址,-13->-14,1
2026-03-27 20:11:05,B-日本地址,-53->-55,2
2026-03-27 20:11:16,A-日本地址,-82->-83,1
2026-03-27 20:11:50,C-日本地址,-52->-53,1
2026-03-27 20:17:48,B-日本地址,-55->-57,2
2026-03-27 20:17:59,A-日本地址,-83->-86,3
2026-03-27 20:18:32,C-日本地址,-53->-55,2
2026-03-27 20:18:43,C-韩国地址,-152->-153,1
2026-03-27 20:19:06,A-日本地址,-86->-87,1
2026-03-27 20:19:06,A-韩国地址,-205->-207,2
2026-03-27 20:19:40,C-日本地址,-55->-56,1
2026-03-27 20:20:02,B-日本地址,-57->-58,1
2026-03-27 20:29:44,C-日本地址,-56->-57,1
2026-03-27 20:30:07,B-日本地址,-58->-60,2
2026-03-27 20:30:18,A-日本地址,-87->-88,1
2026-03-27 20:32:32,A-日本地址,-88->-90,2
2026-03-27 20:33:06,C-日本地址,-57->-58,1
2026-03-27 20:33:28,B-日本地址,-60->-62,2
2026-03-27 20:33:40,A-日本地址,-90->-91,1
2026-03-27 20:33:40,A-韩国地址,-207->-208,1
2026-03-27 20:34:13,C-日本地址,-58->-60,2
2026-03-27 20:37:02,A-日本地址,-91->-92,1
2026-03-27 20:37:36,C-韩国地址,-153->-155,2
2026-03-27 20:49:23,A-韩国地址,-208->-207,-1
2026-03-27 20:50:19,B-韩国地址,-135->-136,1
2026-03-27 20:50:30,A-韩国地址,-207->-208,1
2026-03-27 20:51:37,A-日本地址,-92->-94,2
2026-03-27 20:52:00,C-日本地址,-60->-61,1
2026-03-27 20:52:11,B-日本地址,-62->-64,2
2026-03-27 20:52:44,A-日本地址,-94->-95,1
2026-03-27 20:53:07,C-日本地址,-61->-62,1
2026-03-27 20:53:18,B-日本地址,-64->-65,1
2026-03-27 20:53:52,A-日本地址,-95->-96,1
2026-03-27 20:54:59,A-日本地址,-96->-97,1
2026-03-27 20:55:21,C-日本地址,-62->-64,2
2026-03-27 20:56:06,A-日本地址,-97->-99,2
2026-03-27 20:56:28,B-日本地址,-65->-66,1
2026-03-27 20:57:13,A-日本地址,-99->-100,1
2026-03-27 20:57:35,B-日本地址,-66->-68,2
2026-03-27 20:57:35,C-日本地址,-64->-65,1
2026-03-27 20:59:27,A-日本地址,-100->-101,1
2026-03-27 21:00:35,A-日本地址,-101->-103,2
2026-03-27 21:01:42,A-日本地址,-103->-104,1
2026-03-27 21:02:04,B-日本地址,-68->-69,1
2026-03-27 21:02:04,C-日本地址,-65->-66,1
2026-03-27 21:02:49,A-韩国地址,-208->-209,1
2026-03-27 21:03:00,C-韩国地址,-155->-156,1
2026-03-27 21:03:23,B-韩国地址,-136->-138,2
2026-03-27 21:03:56,A-韩国地址,-209->-211,2
2026-03-27 21:04:07,C-韩国地址,-156->-155,-1
2026-03-27 21:04:30,B-韩国地址,-138->-136,-2
2026-03-27 21:05:03,A-韩国地址,-211->-209,-2
2026-03-27 21:05:37,B-韩国地址,-136->-135,-1
2026-03-27 21:06:10,A-中国地址,-13->-14,1
2026-03-27 21:06:10,A-韩国地址,-209->-205,-4
2026-03-27 21:06:22,C-韩国地址,-155->-152,-3
2026-03-27 21:08:26,A-韩国地址,-205->-207,2
2026-03-27 21:08:26,C-韩国地址,-152->-153,1
2026-03-27 21:09:33,A-日本地址,-104->-103,-1
2026-03-27 21:09:33,A-韩国地址,-207->-205,-2
2026-03-27 21:09:33,B-日本地址,-69->-68,-1
2026-03-27 21:09:33,C-韩国地址,-153->-152,-1
2026-03-27 21:09:55,C-日本地址,-66->-65,-1
2026-03-27 21:10:40,A-韩国地址,-205->-207,2
2026-03-27 21:10:40,C-韩国地址,-152->-153,1
2026-03-27 21:11:02,B-韩国地址,-135->-136,1
2026-03-27 21:13:51,C-韩国地址,-153->-155,2
2026-03-27 21:14:03,A-韩国地址,-207->-208,1
2026-03-27 21:14:25,B-韩国地址,-136->-138,2
2026-03-27 21:20:26,B-日本地址,-68->-69,1
2026-03-27 21:20:49,A-日本地址,-103->-104,1
2026-03-27 21:31:30,C-韩国地址,-155->-156,1
2026-03-27 21:45:22,C-日本地址,-65->-66,1
2026-03-27 21:45:33,A-日本地址,-104->-105,1
2026-03-27 21:45:44,A-国际地址,-19->-18,-1
2026-03-27 21:53:25,A-日本地址,-105->-107,2
2026-03-27 21:55:40,A-韩国地址,-208->-211,3
2026-03-27 21:57:20,A-国际地址,-18->-19,1
2026-03-27 21:57:53,A-日本地址,-107->-108,1
2026-03-27 22:02:20,A-日本地址,-108->-109,1
2026-03-27 22:03:04,C-日本地址,-66->-68,2
2026-03-27 22:04:33,B-韩国地址,-138->-139,1
2026-03-27 22:06:01,A-国际地址,-19->-18,-1
2026-03-27 22:06:01,C-国际地址,-14->-13,-1
2026-03-27 22:06:12,B-国际地址,-16->-14,-2
2026-03-27 22:06:46,A-日本地址,-109->-110,1
2026-03-27 22:06:46,A-韩国地址,-211->-213,2
2026-03-27 22:06:46,B-韩国地址,-139->-140,1
2026-03-27 22:06:46,C-韩国地址,-156->-157,1
2026-03-27 22:07:53,A-日本地址,-110->-112,2
2026-03-27 22:07:53,A-韩国地址,-213->-214,1
2026-03-27 22:08:37,C-日本地址,-68->-69,1
2026-03-27 22:08:59,A-日本地址,-112->-113,1
2026-03-27 22:09:22,B-日本地址,-69->-70,1
2026-03-27 22:10:06,A-日本地址,-113->-114,1
2026-03-27 22:10:06,A-韩国地址,-214->-216,2
2026-03-27 22:10:06,B-韩国地址,-140->-142,2
2026-03-27 22:10:06,C-韩国地址,-157->-159,2
2026-03-27 22:12:19,A-日本地址,-114->-116,2
2026-03-27 22:25:44,A-韩国地址,-216->-213,-3
2026-03-27 22:25:44,B-韩国地址,-142->-140,-2
2026-03-27 22:25:44,C-韩国地址,-159->-157,-2
2026-03-27 22:29:06,A-韩国地址,-213->-214,1
2026-03-27 22:30:02,C-韩国地址,-157->-159,2
2026-03-27 22:30:36,B-日本地址,-70->-71,1
2026-03-27 22:30:47,C-日本地址,-69->-70,1
2026-03-27 22:31:21,A-日本地址,-116->-117,1
2026-03-27 22:33:14,C-韩国地址,-159->-157,-2
2026-03-27 22:33:36,A-韩国地址,-214->-213,-1
2026-03-27 22:34:21,C-韩国地址,-157->-159,2
2026-03-27 22:34:44,A-韩国地址,-213->-214,1
2026-03-27 22:34:44,B-韩国地址,-140->-142,2
2026-03-27 22:39:34,B-日本地址,-71->-73,2
2026-03-27 22:39:45,C-日本地址,-70->-71,1
2026-03-27 22:40:18,A-日本地址,-117->-120,3
2026-03-27 22:40:40,B-日本地址,-73->-74,1
2026-03-27 22:40:51,C-日本地址,-71->-73,2
2026-03-27 22:41:24,A-韩国地址,-214->-216,2
2026-03-27 22:43:37,B-韩国地址,-142->-143,1
2026-03-27 22:44:44,A-韩国地址,-216->-217,1
2026-03-27 22:45:51,A-韩国地址,-217->-214,-3
2026-03-27 22:46:57,A-日本地址,-120->-121,1
2026-03-27 22:47:19,B-日本地址,-74->-75,1
2026-03-27 22:47:30,C-日本地址,-73->-74,1
2026-03-27 22:49:10,A-韩国地址,-214->-216,2
2026-03-27 22:49:10,B-韩国地址,-143->-144,1
2026-03-27 22:49:54,C-韩国地址,-159->-160,1
2026-03-27 22:51:00,C-韩国地址,-160->-161,1
2026-03-27 22:51:22,A-韩国地址,-216->-217,1
2026-03-27 22:51:22,B-韩国地址,-144->-146,2
2026-03-27 22:52:29,A-日本地址,-121->-122,1
2026-03-27 22:53:35,A-韩国地址,-217->-218,1
2026-03-27 22:55:48,A-韩国地址,-218->-217,-1
2026-03-27 22:56:54,A-日本地址,-122->-123,1
2026-03-27 22:57:27,C-日本地址,-74->-75,1
2026-03-27 22:57:38,B-日本地址,-75->-77,2
2026-03-27 23:01:20,A-日本地址,-123->-125,2
2026-03-27 23:03:32,A-韩国地址,-217->-218,1
2026-03-27 23:05:45,A-韩国地址,-218->-217,-1
2026-03-27 23:11:17,A-韩国地址,-217->-218,1
2026-03-27 23:14:02,C-韩国地址,-161->-162,1
2026-03-27 23:14:35,A-韩国地址,-218->-220,2
2026-03-27 23:14:35,B-韩国地址,-146->-147,1
2026-03-27 23:15:08,A-国际地址,-18->-19,1
2026-03-27 23:15:30,B-国际地址,-14->-16,2
2026-03-27 23:15:42,C-国际地址,-13->-14,1
2026-03-27 23:16:15,C-韩国地址,-162->-164,2
2026-03-27 23:23:26,C-国际地址,-14->-16,2
2026-03-27 23:23:59,A-国际地址,-19->-21,2
2026-03-27 23:24:21,B-国际地址,-16->-17,1
2026-03-27 23:26:43,A-日本地址,-125->-126,1
2026-03-27 23:32:48,C-韩国地址,-164->-165,1
2026-03-27 23:33:54,C-韩国地址,-165->-164,-1
2026-03-27 23:34:27,A-韩国地址,-220->-221,1
2026-03-27 23:34:27,B-韩国地址,-147->-148,1
2026-03-27 23:35:01,C-韩国地址,-164->-165,1
2026-03-27 23:38:54,A-日本地址,-126->-127,1
2026-03-27 23:41:30,C-韩国地址,-165->-166,1
2026-03-27 23:42:03,B-韩国地址,-148->-151,3
2026-03-27 23:42:14,A-韩国地址,-221->-222,1
2026-03-27 23:43:22,A-韩国地址,-222->-224,2
2026-03-27 23:45:24,B-韩国地址,-151->-148,-3
2026-03-27 23:45:35,A-韩国地址,-224->-220,-4
2026-03-27 23:45:47,C-韩国地址,-166->-162,-4
2026-03-27 23:46:31,B-韩国地址,-148->-146,-2
2026-03-27 23:46:42,A-日本地址,-127->-129,2
2026-03-27 23:46:42,A-韩国地址,-220->-221,1
2026-03-27 23:47:05,B-日本地址,-77->-78,1
2026-03-27 23:47:16,C-日本地址,-75->-77,2
2026-03-27 23:54:10,B-韩国地址,-146->-148,2
2026-03-27 23:54:10,C-韩国地址,-162->-164,2
2026-03-27 23:54:33,A-韩国地址,-221->-222,1
2026-03-28 00:06:12,C-韩国地址,-164->-162,-2
2026-03-28 00:13:42,A-韩国地址,-222->-224,2
2026-03-28 00:13:53,C-韩国地址,-162->-164,2
2026-03-28 00:14:04,B-韩国地址,-148->-149,1
2026-03-28 00:19:21,A-韩国地址,-224->-222,-2
2026-03-28 00:32:48,B-日本地址,-78->-79,1
2026-03-28 00:32:59,A-日本地址,-129->-130,1
2026-03-28 00:33:11,C-日本地址,-77->-78,1
2026-03-28 00:45:35,A-韩国地址,-222->-218,-4
2026-03-28 00:46:21,B-韩国地址,-149->-146,-3
2026-03-28 00:46:33,C-韩国地址,-164->-160,-4
2026-03-28 00:49:48,B-韩国地址,-146->-147,1
2026-03-28 00:53:25,C-中国地址,-13->-14,1
2026-03-28 00:53:36,A-中国地址,-14->-16,2
2026-03-28 01:05:47,C-韩国地址,-160->-157,-3
2026-03-28 01:06:10,A-韩国地址,-218->-216,-2
2026-03-28 01:06:33,B-韩国地址,-147->-146,-1
2026-03-28 01:06:33,C-日本地址,-78->-79,1
2026-03-28 01:07:19,A-日本地址,-130->-131,1
2026-03-28 01:10:44,A-韩国地址,-216->-217,1
2026-03-28 01:19:49,A-日本地址,-131->-133,2
2026-03-28 01:26:37,A-日本地址,-133->-146,13
2026-03-28 01:26:37,A-韩国地址,-217->-216,-1
2026-03-28 01:41:08,C-日本地址,-79->-81,2
2026-03-28 01:41:19,A-日本地址,-146->-147,1
2026-03-28 01:41:30,B-日本地址,-79->-81,2
2026-03-28 01:41:41,A-国际地址,-21->-22,1
2026-03-28 03:05:50,B-韩国地址,-146->-144,-2
2026-03-28 03:06:23,A-韩国地址,-216->-214,-2
2026-03-28 03:25:44,B-韩国地址,-144->-143,-1
2026-03-28 03:26:18,C-韩国地址,-157->-156,-1
2026-03-28 03:26:29,A-韩国地址,-214->-213,-1
2026-03-28 03:46:10,C-韩国地址,-156->-155,-1
2026-03-28 04:27:44,A-韩国地址,-213->-214,1
2026-03-28 04:27:55,B-韩国地址,-143->-144,1
2026-03-28 04:27:55,C-韩国地址,-155->-156,1
2026-03-28 04:46:37,A-韩国地址,-214->-213,-1
2026-03-28 04:46:37,B-韩国地址,-144->-143,-1
2026-03-28 04:46:37,C-韩国地址,-156->-155,-1
2026-03-28 04:51:03,A-日本地址,-147->-148,1
2026-03-28 05:08:53,A-日本地址,-148->-149,1
2026-03-28 05:08:53,B-日本地址,-81->-82,1
2026-03-28 05:09:04,C-日本地址,-81->-82,1
2026-03-28 05:26:18,A-韩国地址,-213->-212,-1
2026-03-28 05:46:03,A-韩国地址,-212->-211,-1
2026-03-28 06:25:39,A-日本地址,-149->-151,2
2026-03-28 06:25:39,B-日本地址,-82->-83,1
2026-03-28 06:25:39,C-日本地址,-82->-83,1
2026-03-28 07:02:54,A-日本地址,-151->-152,1
2026-03-28 07:03:40,B-日本地址,-83->-84,1
2026-03-28 07:03:40,C-日本地址,-83->-84,1
2026-03-28 07:22:11,C-国际地址,-16->-17,1
2026-03-28 07:22:44,B-国际地址,-17->-18,1
2026-03-28 07:22:55,A-国际地址,-22->-23,1
2026-03-28 07:24:01,A-日本地址,-152->-153,1
2026-03-28 08:16:30,C-中国地址,-14->-16,2
2026-03-28 08:19:03,C-国际地址,-17->-18,1
2026-03-28 08:28:58,A-韩国地址,-211->-212,1
2026-03-28 08:29:45,B-日本地址,-84->-86,2
2026-03-28 08:29:45,C-日本地址,-84->-86,2
2026-03-28 08:30:07,A-日本地址,-153->-155,2
2026-03-28 09:48:30,B-韩国地址,-143->-144,1
2026-03-28 09:48:52,C-韩国地址,-155->-156,1
2026-03-28 09:49:14,A-韩国地址,-212->-213,1
2026-03-28 09:56:11,B-韩国地址,-144->-146,2
2026-03-28 09:56:33,C-韩国地址,-156->-160,4
2026-03-28 09:56:55,A-韩国地址,-213->-217,4
2026-03-28 10:01:18,A-日本地址,-155->-156,1
2026-03-28 10:10:06,A-日本地址,-156->-157,1
2026-03-28 10:24:58,B-日本地址,-86->-87,1
2026-03-28 10:25:09,C-日本地址,-86->-87,1
2026-03-28 10:25:31,A-日本地址,-157->-159,2
2026-03-28 10:31:34,B-日本地址,-87->-88,1
2026-03-28 10:31:45,C-日本地址,-87->-88,1
2026-03-28 10:32:07,A-日本地址,-159->-160,1
2026-03-28 10:36:53,B-韩国地址,-146->-147,1
2026-03-28 10:37:16,C-韩国地址,-160->-161,1
2026-03-28 10:37:38,A-韩国地址,-217->-218,1
2026-03-28 10:51:12,B-韩国地址,-147->-148,1
2026-03-28 10:51:34,C-韩国地址,-161->-162,1
2026-03-28 10:51:56,A-韩国地址,-218->-220,2
2026-03-28 11:00:47,A-韩国地址,-220->-221,1
2026-03-28 11:03:01,A-韩国地址,-221->-222,1
2026-03-28 11:03:12,B-韩国地址,-148->-149,1
2026-03-28 11:03:34,C-韩国地址,-162->-164,2
2026-03-28 11:07:39,A-国际地址,-23->-25,2
2026-03-28 11:21:58,A-韩国地址,-222->-224,2
2026-03-28 11:46:02,B-韩国地址,-149->-151,2
2026-03-28 11:46:35,A-韩国地址,-224->-225,1
2026-03-28 11:46:47,C-韩国地址,-164->-165,1
2026-03-28 11:52:34,C-日本地址,-88->-90,2
2026-03-28 11:53:07,B-日本地址,-88->-90,2
2026-03-28 11:53:18,A-日本地址,-160->-161,1
2026-03-28 11:56:50,C-韩国地址,-165->-166,1
2026-03-28 12:02:58,C-中国地址,-16->-17,1
2026-03-28 12:04:27,A-韩国地址,-225->-224,-1
2026-03-28 12:09:37,C-中国地址,-17->-16,-1
2026-03-28 12:13:41,B-韩国地址,-151->-152,1
2026-03-28 12:14:25,A-韩国地址,-224->-225,1
2026-03-28 12:14:25,C-韩国地址,-166->-168,2
2026-03-28 12:24:23,A-韩国地址,-225->-226,1
2026-03-28 12:26:03,A-国际地址,-25->-23,-2
2026-03-28 12:26:25,C-国际地址,-18->-17,-1
2026-03-28 12:26:36,B-国际地址,-18->-17,-1
2026-03-28 12:48:52,A-韩国地址,-226->-227,1
2026-03-28 13:06:38,A-日本地址,-161->-162,1
2026-03-28 13:07:00,B-日本地址,-90->-91,1
2026-03-28 13:07:00,C-日本地址,-90->-91,1
2026-03-28 13:13:41,C-国际地址,-17->-18,1
2026-03-28 13:13:52,B-国际地址,-17->-18,1
2026-03-28 13:14:25,A-国际地址,-23->-25,2
2026-03-28 13:22:10,A-韩国地址,-227->-229,2
2026-03-28 13:37:44,A-韩国地址,-229->-230,1
2026-03-28 13:41:03,A-国际地址,-25->-27,2
2026-03-28 13:41:03,B-国际地址,-18->-21,3
2026-03-28 13:41:26,C-国际地址,-18->-21,3
2026-03-28 13:46:36,A-韩国地址,-230->-231,1
2026-03-28 14:13:04,A-日本地址,-162->-164,2
2026-03-28 14:13:15,B-日本地址,-91->-92,1
2026-03-28 14:13:15,C-日本地址,-91->-92,1
2026-03-28 14:26:19,A-日本地址,-164->-162,-2
2026-03-28 14:26:30,B-日本地址,-92->-91,-1
2026-03-28 14:26:30,C-日本地址,-92->-91,-1
2026-03-28 14:41:45,A-中国地址,-16->-17,1
2026-03-28 15:10:23,A-韩国地址,-231->-233,2
2026-03-28 15:11:08,C-韩国地址,-168->-169,1
2026-03-28 15:17:00,A-韩国地址,-233->-234,1
2026-03-28 15:21:24,A-韩国地址,-234->-235,1
2026-03-28 15:25:50,A-日本地址,-162->-160,-2
2026-03-28 15:26:01,B-日本地址,-91->-90,-1
2026-03-28 15:26:01,C-日本地址,-91->-90,-1
2026-03-28 15:36:51,A-韩国地址,-235->-237,2
2026-03-28 15:41:16,A-日本地址,-160->-161,1
2026-03-28 15:41:27,B-日本地址,-90->-91,1
2026-03-28 15:41:27,C-日本地址,-90->-91,1
2026-03-28 16:04:21,A-日本地址,-161->-162,1
2026-03-28 16:04:21,A-韩国地址,-237->-235,-2
2026-03-28 16:04:32,B-日本地址,-91->-92,1
2026-03-28 16:04:32,C-日本地址,-91->-92,1
2026-03-28 16:05:38,B-日本地址,-92->-91,-1
2026-03-28 16:05:38,C-日本地址,-92->-91,-1
2026-03-28 16:06:33,A-日本地址,-162->-161,-1
2026-03-28 16:11:31,B-韩国地址,-152->-153,1
2026-03-28 16:19:47,A-日本地址,-161->-160,-1
2026-03-28 16:19:58,B-日本地址,-91->-90,-1
2026-03-28 16:19:58,C-日本地址,-91->-90,-1
2026-03-28 16:42:33,C-韩国地址,-169->-170,1
2026-03-28 16:42:55,A-韩国地址,-235->-237,2
2026-03-28 16:43:28,B-韩国地址,-153->-155,2
2026-03-28 17:25:47,A-日本地址,-160->-159,-1
2026-03-28 17:45:36,B-日本地址,-90->-88,-2
2026-03-28 18:02:07,A-日本地址,-159->-160,1
2026-03-28 18:02:07,B-日本地址,-88->-90,2
2026-03-28 18:02:18,C-日本地址,-90->-91,1
2026-03-28 18:06:30,A-日本地址,-160->-159,-1
2026-03-28 18:19:20,C-韩国地址,-170->-172,2
2026-03-28 18:24:06,A-日本地址,-159->-160,1
2026-03-28 18:24:06,B-日本地址,-90->-91,1
2026-03-28 18:24:17,C-日本地址,-91->-92,1
2026-03-28 18:30:20,C-韩国地址,-172->-173,1
2026-03-28 18:34:44,C-韩国地址,-173->-172,-1
2026-03-28 19:21:56,B-韩国地址,-155->-156,1
2026-03-28 19:22:07,C-韩国地址,-172->-173,1
2026-03-28 19:22:29,A-韩国地址,-237->-238,1
2026-03-28 19:23:14,C-韩国地址,-173->-174,1
2026-03-28 19:23:36,A-韩国地址,-238->-239,1
2026-03-28 19:24:09,B-韩国地址,-156->-157,1
2026-03-28 19:24:42,A-日本地址,-160->-162,2
2026-03-28 19:24:42,B-日本地址,-91->-94,3
2026-03-28 19:24:53,C-日本地址,-92->-95,3
2026-03-28 19:25:15,B-韩国地址,-157->-159,2
2026-03-28 19:25:26,C-韩国地址,-174->-175,1
2026-03-28 19:25:49,A-韩国地址,-239->-240,1
2026-03-28 19:35:46,A-韩国地址,-240->-242,2
2026-03-28 19:36:19,B-韩国地址,-159->-160,1
2026-03-28 19:36:30,C-韩国地址,-175->-177,2
2026-03-28 19:54:02,C-中国地址,-16->-17,1
2026-03-28 20:05:42,A-日本地址,-162->-160,-2
2026-03-28 20:05:42,B-日本地址,-94->-92,-2
2026-03-28 20:05:53,C-日本地址,-95->-94,-1
2026-03-28 20:20:08,B-日本地址,-92->-94,2
2026-03-28 20:23:28,B-日本地址,-94->-95,1
2026-03-28 20:25:42,A-日本地址,-160->-159,-1
2026-03-28 20:25:42,B-日本地址,-95->-94,-1
2026-03-28 20:25:53,C-日本地址,-94->-92,-2
2026-03-28 20:55:47,A-日本地址,-159->-160,1
2026-03-28 20:55:47,B-日本地址,-94->-95,1
2026-03-28 20:55:58,C-日本地址,-92->-94,2
2026-03-28 21:05:57,A-日本地址,-160->-159,-1
2026-03-28 21:26:14,A-韩国地址,-242->-239,-3
2026-03-28 21:40:59,A-韩国地址,-239->-240,1
2026-03-28 21:41:25,B-韩国地址,-160->-161,1
2026-03-28 21:41:38,C-韩国地址,-177->-178,1
2026-03-28 21:47:23,A-日本地址,-159->-160,1
2026-03-28 21:47:36,B-日本地址,-95->-96,1
2026-03-28 21:48:00,C-日本地址,-94->-95,1
2026-03-28 22:04:10,A-韩国地址,-240->-242,2
2026-03-28 22:04:45,B-中国地址,-10->-12,2
2026-03-28 22:06:04,A-日本地址,-160->-157,-3
2026-03-28 22:07:34,B-日本地址,-96->-97,1
2026-03-28 22:07:57,C-日本地址,-95->-96,1
2026-03-28 22:08:21,A-日本地址,-157->-159,2
2026-03-28 22:26:02,A-日本地址,-159->-155,-4
2026-03-28 22:31:25,C-韩国地址,-178->-179,1
2026-03-28 22:54:58,A-日本地址,-155->-156,1
2026-03-28 22:55:11,B-日本地址,-97->-99,2
2026-03-28 22:55:46,C-日本地址,-96->-97,1
2026-03-28 23:00:14,C-日本地址,-97->-96,-1
2026-03-28 23:00:38,A-日本地址,-156->-155,-1
2026-03-28 23:00:51,B-日本地址,-99->-97,-2
2026-03-28 23:02:22,C-日本地址,-96->-97,1
2026-03-28 23:02:57,A-日本地址,-155->-156,1
2026-03-28 23:02:57,B-日本地址,-97->-99,2
2026-03-28 23:05:48,B-中国地址,-12->-10,-2
2026-03-28 23:09:54,A-韩国地址,-242->-243,1
2026-03-28 23:10:19,B-韩国地址,-161->-162,1
2026-03-28 23:10:19,C-韩国地址,-179->-181,2
2026-03-28 23:11:29,C-韩国地址,-181->-179,-2
2026-03-28 23:55:41,A-日本地址,-156->-157,1
2026-03-29 00:03:49,A-韩国地址,-243->-244,1
2026-03-29 00:36:46,B-日本地址,-99->-100,1
2026-03-29 00:37:21,A-日本地址,-157->-159,2
2026-03-29 00:37:21,C-日本地址,-97->-99,2
2026-03-29 01:07:17,C-韩国地址,-179->-181,2
2026-03-29 01:25:33,B-韩国地址,-162->-161,-1
2026-03-29 01:25:58,C-韩国地址,-181->-179,-2
2026-03-29 01:26:22,A-韩国地址,-244->-243,-1
2026-03-29 01:28:06,C-韩国地址,-179->-181,2
2026-03-29 01:28:42,A-韩国地址,-243->-244,1
2026-03-29 01:28:56,B-韩国地址,-161->-162,1
2026-03-29 01:46:09,A-日本地址,-159->-146,-13
2026-03-29 03:11:38,A-韩国地址,-244->-246,2
2026-03-29 03:12:03,C-韩国地址,-181->-182,1
2026-03-29 03:12:28,B-韩国地址,-162->-164,2
2026-03-29 06:28:50,A-韩国地址,-246->-247,1
2026-03-29 06:29:26,B-韩国地址,-164->-165,1
2026-03-29 06:29:26,C-韩国地址,-182->-183,1
2026-03-29 08:10:15,A-中国地址,-17->-18,1
2026-03-29 08:10:27,B-中国地址,-10->-12,2
2026-03-29 08:10:27,C-中国地址,-17->-18,1
2026-03-29 08:14:53,C-中国地址,-18->-31,13
2026-03-29 08:45:35,A-日本地址,-146->-144,-2
2026-03-29 08:45:48,B-日本地址,-100->-99,-1
2026-03-29 08:45:48,C-日本地址,-99->-97,-2
2026-03-29 09:25:41,B-中国地址,-12->-10,-2
2026-03-29 09:25:54,A-中国地址,-18->-17,-1
2026-03-29 09:26:28,C-中国地址,-31->-17,-14
2026-03-29 10:06:45,A-日本地址,-144->-146,2
2026-03-29 10:35:19,A-日本地址,-146->-147,1
2026-03-29 11:00:34,A-日本地址,-147->-148,1
2026-03-29 11:57:01,A-韩国地址,-247->-248,1
2026-03-29 12:27:55,A-韩国地址,-248->-250,2
2026-03-29 12:30:09,A-韩国地址,-250->-251,1
2026-03-29 12:43:17,A-韩国地址,-251->-252,1
2026-03-29 12:43:41,B-韩国地址,-165->-166,1
2026-03-29 12:43:54,C-韩国地址,-183->-185,2
2026-03-29 12:45:56,B-韩国地址,-166->-165,-1
2026-03-29 12:46:09,C-韩国地址,-185->-183,-2
2026-03-29 12:46:33,A-韩国地址,-252->-251,-1
2026-03-29 13:39:29,A-韩国地址,-251->-252,1
2026-03-29 13:50:42,B-韩国地址,-165->-166,1
2026-03-29 13:51:06,C-韩国地址,-183->-185,2
2026-03-29 13:51:29,A-韩国地址,-252->-253,1
2026-03-29 13:55:55,A-韩国地址,-253->-257,4
2026-03-29 14:25:42,A-日本地址,-148->-147,-1
2026-03-29 14:25:42,B-日本地址,-99->-97,-2
2026-03-29 14:26:19,C-日本地址,-97->-96,-1
2026-03-29 14:54:13,A-韩国地址,-257->-259,2
2026-03-29 15:29:23,B-日本地址,-97->-99,2
2026-03-29 15:29:23,C-日本地址,-96->-97,1
2026-03-29 15:29:40,A-日本地址,-147->-148,1
2026-03-29 15:50:03,B-日本地址,-99->-100,1
2026-03-29 16:06:05,B-日本地址,-100->-99,-1
2026-03-29 16:06:05,C-日本地址,-97->-96,-1
2026-03-29 16:06:32,A-日本地址,-148->-147,-1
2026-03-29 16:07:22,A-韩国地址,-259->-260,1
2026-03-29 16:08:43,C-韩国地址,-185->-186,1
2026-03-29 16:10:36,C-韩国地址,-186->-187,1
2026-03-29 16:11:02,A-韩国地址,-260->-261,1
2026-03-29 16:18:54,C-韩国地址,-187->-188,1
2026-03-29 16:28:21,B-韩国地址,-166->-168,2
2026-03-29 16:28:44,A-韩国地址,-261->-263,2
2026-03-29 16:28:44,C-韩国地址,-188->-190,2
2026-03-29 16:30:26,B-日本地址,-99->-97,-2
2026-03-29 16:31:01,C-韩国地址,-190->-188,-2
2026-03-29 16:31:35,B-日本地址,-97->-99,2
2026-03-29 16:33:48,B-日本地址,-99->-97,-2
2026-03-29 16:34:55,B-日本地址,-97->-99,2
2026-03-29 16:37:41,A-韩国地址,-263->-264,1
2026-03-29 16:43:43,B-日本地址,-99->-97,-2
2026-03-29 16:53:45,B-韩国地址,-168->-169,1
2026-03-29 16:53:57,C-韩国地址,-188->-190,2
2026-03-29 16:54:10,A-韩国地址,-264->-265,1
2026-03-29 18:25:42,C-韩国地址,-190->-191,1
2026-03-29 18:45:58,A-韩国地址,-265->-264,-1
2026-03-29 19:12:30,A-韩国地址,-264->-265,1
2026-03-29 19:15:29,B-韩国地址,-169->-170,1
2026-03-29 19:15:29,C-韩国地址,-191->-192,1
2026-03-29 19:15:55,A-韩国地址,-265->-266,1
2026-03-29 19:38:03,A-韩国地址,-266->-268,2
2026-03-29 19:45:14,C-韩国地址,-192->-194,2
2026-03-29 19:45:49,A-韩国地址,-268->-269,1
2026-03-29 19:46:23,B-韩国地址,-170->-172,2
2026-03-29 19:49:00,B-中国地址,-10->-9,-1
2026-03-29 19:49:46,A-中国地址,-17->-16,-1
2026-03-29 19:50:10,C-中国地址,-17->-16,-1
2026-03-29 19:55:21,A-中国地址,-16->-17,1
2026-03-29 19:55:45,C-中国地址,-16->-17,1
2026-03-29 20:05:55,A-韩国地址,-269->-265,-4
2026-03-29 20:12:34,A-韩国地址,-265->-266,1
2026-03-29 20:18:08,A-韩国地址,-266->-269,3
2026-03-29 20:54:29,A-韩国地址,-269->-270,1
2026-03-29 21:02:14,A-韩国地址,-270->-272,2
2026-03-29 21:02:27,B-韩国地址,-172->-173,1
2026-03-29 21:02:40,C-韩国地址,-194->-195,1
2026-03-29 21:38:30,C-国际地址,-21->-22,1
2026-03-29 21:38:42,B-国际地址,-21->-22,1
2026-03-29 21:39:06,A-国际地址,-27->-29,2
2026-03-29 21:40:45,A-日本地址,-147->-148,1
2026-03-29 21:44:03,A-韩国地址,-272->-273,1
2026-03-29 21:45:10,A-韩国地址,-273->-274,1
2026-03-29 22:04:57,C-韩国地址,-195->-194,-1
